Filme,País,Ano,Tempo,Meu_Rating,Outlier_t,Genero,Animação,Rating_Geral
Washerwomen on the River,FRA,1897,1,NA,1,Documentário,0,3.6
The Cavalier’s Dream,USA,1898,1,3,1,Fantasia,0,2.9
Opium Den,FRA,1899,1,4,1,Documentário,0,3.3
Enfants annamites ramassant des sapèques devant la Pagode des Dames,FRA,1899,1,NA,1,Documentário,0,2.8
Le village de Namo - Panorama pris d’une chaise à porteurs,FRA,1900,1,NA,1,Documentário,0,3.4
Le Voyage dans la Lune,FRA,1902,15,4,1,Sci-fi,0,4
The Great Train Robbery,USA,1903,12,4,1,Western,0,3.5
The ‘?’ Motorist,GBR,1906,3,5,1,Fantasia,0,3.5
Os Óculos do Vovô,BRA,1913,5,5,1,Comédia,0,3.2
Эффект Кулешова,URSS,1919,1,NA,1,Drama,0,3.6
Das Cabinet des Dr. Caligari,GER,1920,78,5,0,Crime,0,4.1
Nosferatu,GER,1922,95,3.5,0,Terror,0,3.9
Кино-Правда № 1,URSS,1922,11,3.5,1,Documentário,0,3.4
Кино-Правда № 2,URSS,1922,11,NA,1,Documentário,0,3.3
Кино-Правда № 3,URSS,1922,8,NA,1,Documentário,0,NA
Кино-Правда № 4,URSS,1922,10,NA,1,Documentário,0,NA
Кино-Правда № 5,URSS,1922,9,NA,1,Documentário,0,NA
Кино-Правда № 6,URSS,1922,7,4.5,1,Documentário,0,NA
Кино-Правда № 7,URSS,1922,11,3,1,Documentário,0,NA
Кино-Правда № 8,URSS,1922,15,3.5,1,Documentário,0,NA
Кино-Правда № 9,URSS,1922,14,NA,1,Documentário,0,NA
Кино-Правда № 10,URSS,1922,16,NA,1,Documentário,0,NA
Кино-Правда № 11,URSS,1922,18,NA,1,Documentário,0,NA
Кино-Правда № 13,URSS,1922,37,4.5,1,Documentário,0,NA
Кино-Правда № 14,URSS,1923,14,NA,1,Documentário,0,NA
Кино-Правда № 15,URSS,1923,22,NA,1,Documentário,0,NA
Кино-Правда № 16,URSS,1923,26,4,1,Documentário,0,NA
Кино-Правда № 17,URSS,1923,16,3.5,1,Documentário,0,NA
Аэлита,URSS,1924,111,3,0,Sci-fi,0,3.2
Sherlock Jr.,USA,1924,45,5,1,Comédia,0,4.4
Киноглаз,URSS,1924,78,4,0,Documentário,0,3.7
Человек с киноаппаратом,URSS,1929,68,4.5,0,Documentário,0,4.3
Un Chien Andalou,FRA,1929,16,3,1,Terror,0,3.9
Три песни о Ленине,URSS,1934,62,4,0,Documentário,0,3.5
Modern Times,USA,1936,87,5,0,Comédia,0,4.3
Snow White and the Seven Dwarfs,USA,1937,83,5,0,Fantasia,1,3.4
Александр Невский,URSS,1938,109,5,0,Guerra,0,3.7
The Wizard of Oz,USA,1939,102,4,0,Aventura,0,4
Fantasia,USA,1940,124,NA,0,Fantasia,1,3.9
Pinocchio,USA,1940,88,3,0,Fantasia,1,3.5
Dumbo,USA,1941,64,3.5,0,Fantasia,1,3.4
Bambi,USA,1942,70,3,0,Drama,1,3.5
Иван Грозный,URSS,1944,100,4.5,0,História,0,3.9
Иван Грозный. Сказ второй: Боярский заговор,URSS,1946,82,5,0,História,0,4.0
Revolution in Toyland,CSK,1947,14,5,1,Comédia,1,3.7
Ninguém Crê em Mim,USA,1949,73,4.5,0,Thriller,0,3.6
Le sang des bêtes,FRA,1949,23,4.5,1,Documentário,0,3.9
Cinderella,USA,1950,74,4,0,Fantasia,1,3.5
Alice in Wonderland,USA,1951,75,4.5,0,Fantasia,1,3.8
Peter Pan,USA,1953,77,4,0,Fantasia,1,3.5
Rio 40 Graus,BRA,1955,91,3.5,0,Drama,0,4
Lady and the Tramp,USA,1955,76,3,0,Romance,1,3.5
Det sjunde inseglet,SWE,1957,96,4.5,0,Fantasia,0,4.3
12 Angry Men,USA,1957,97,5,0,Drama,0,4.6
Sleeping Beauty,USA,1959,75,5,0,Fantasia,1,3.5
Les Yeux sans visage,FRA,1960,84,3.5,0,Terror,0,3.9
One Hundred and One Dalmatians,USA,1961,79,3,0,Comédia,0,3.7
Dr. No,GBR,1962,110,3,0,Ação,0,3.4
The House Is Black,IRN,1963,21,5,1,Documentário,0,4.3
Nattvardsgästerna,SWE,1963,80,3,0,Drama,0,4.2
Mary Poppins,USA,1964,139,4.5,0,Comédia,0,3.9
Soy Cuba,CUB,1964,141,5,0,Drama,0,4.4
Doctor Zhivago,USA,1965,200,2.5,0,Guerra,0,3.9
La Noire de...,SEN,1966,65,4,0,Drama,0,4.1
Ostře sledované vlaky,CSK,1966,93,4,0,Comédia,0,3.9
Sedmikrásky,CSK,1966,76,3.5,0,Comédia,0,4
Saute ma ville,BEL,1968,13,3.5,1,Drama,0,3.6
The Aristocats,USA,1970,78,3,0,Comédia,1,3.7
Willy Wonka & the Chocolate Factory,USA,1971,99,3.5,0,Comédia,0,3.8
Lucifer Rising,GER,1972,29,3,1,Fantasia,0,3.8
Pink Flamingos,USA,1972,93,5,0,Comédia,0,3.6
Солярис,URSS,1972,167,4,0,Sci-fi,0,4.2
Иван Васильевич меняет профессию,URSS,1973,93,5,0,Comédia,0,3.9
Jaws,USA,1975,124,5,0,Aventura,0,4
Monty Python and the Holy Grail,GBR,1975,91,5,0,Comédia,0,4.1
Ёжик в тумане,URSS,1975,11,5,1,Mistério,1,4.2
Taxi Driver,USA,1976,114,2,0,Drama,0,4.2
Carrie,USA,1976,98,4,0,Terror,0,3.8
Star Wars,USA,1977,121,4.5,0,Aventura,0,4.2
Bernardo e Bianca,USA,1977,78,4,0,Aventura,1,3.4
The Ascent,URSS,1977,111,5,0,Guerra,0,4.4
Escape from Alcatraz,USA,1979,113,4,0,Thriller,0,3.8
Life of Brian,GBR,1979,94,5,0,Comédia,0,4
Сталкер,URSS,1979,162,5,0,Sci-fi,0,4.4
The Empire Strikes Back,USA,1980,124,5,0,Ação,0,4.4
Raiders of the Lost Ark,USA,1981,115,4,0,Aventura,0,4.2
Brussels-Transit,BEL,1982,82,4,0,Documentário,0,NA
Born in Flames,USA,1982,80,3,0,Drama,0,3.9
Monty Python’s The Meaning of Life,GBR,1983,107,3.5,0,Comédia,0,3.8
Return of the Jedi,USA,1983,132,4,0,Ação,0,4.1
Scarface,USA,1983,169,2.5,0,Crime,0,4.1
Indiana Jones and the Temple of Doom,USA,1984,118,4.5,0,Ação,0,3.6
Back to the Future,USA,1985,116,5,0,Sci-fi,0,4.2
Oberst Redl,HUN,1985,132,3,0,História,0,3.7
The Name of the Rose,FRA,1986,130,4,0,Mistério,0,3.7
Coming to America,USA,1988,117,NA,0,Comédia,0,3.5
Ilha das Flores,BRA,1989,13,5,1,Documentário,0,4.2
Indiana Jones and the Last Crusade,USA,1989,127,5,0,Aventura,0,4.1
Dead Poets Society,USA,1989,128,4,0,Drama,0,4.3
The Little Mermaid,USA,1989,83,4,0,Fantasia,1,3.7
Undergångens arkitektur,SWE,1989,119,NA,0,Documentário,0,3.8
Back to the Future Part II,USA,1989,108,5,0,Sci-fi,0,3.9
Back to the Future Part III,USA,1990,119,4,0,Sci-fi,0,3.5
GoodFellas,USA,1990,145,4,0,Crime,0,4.5
Szürkület,HUN,1990,95,3,0,Drama,0,3.9
Bernardo e Bianca na Cangurulândia,USA,1990,77,3,0,Aventura,1,3.2
A Bela e a Fera,USA,1991,84,4,0,Romance,1,3.9
The Addams Family,USA,1991,100,5,0,Comédia,0,3.7
Aladdin,USA,1992,95,4.5,0,Aventura,1,3.9
"Hail, Sarajevo",FRA,1993,2,4.5,1,Guerra,0,4.1
The Nightmare Before Christmas,USA,1993,76,4,0,Fantasia,1,4
Groundhog Day,USA,1993,101,3.5,0,Comédia,0,3.8
Hocus Pocus,USA,1993,96,3.5,0,Fantasia,0,3.5
Addams Family Values,USA,1993,94,4.5,0,Comédia,0,3.8
Ace Ventura: Pet Detective,USA,1994,86,1,0,Comédia,0,3.2
Forrest Gump,USA,1994,142,5,0,Drama,0,4.1
White Men Are Cracking Up,GBR,1994,20,4,1,Crime,0,3.6
The Mask,USA,1994,101,3,0,Comédia,0,3.3
A Goofy Movie,USA,1995,78,5,0,Aventura,1,3.6
Pocahontas,USA,1995,81,3,0,Romance,1,3.2
Se7en,USA,1995,127,5,0,Crime,0,4.3
Toy Story,USA,1995,81,4.5,0,Comédia,1,4.1
Jumanji,USA,1995,104,3.5,0,Fantasia,0,3.6
Terra Estrangeira,BRA,1995,110,5,0,Drama,0,3.9
Trainspotting,GBR,1996,94,5,0,Drama,0,4.2
O Corcunda de Notre Dame,USA,1996,91,5,0,Drama,1,3.7
Matilda,USA,1996,98,5,0,Comédia,0,3.7
Scream,USA,1996,112,4,0,Terror,0,4
Anastasia,USA,1997,94,3.5,0,Fantasia,1,3.8
Hercules,USA,1997,93,4.5,0,Aventura,1,3.8
Men in Black,USA,1997,98,4.5,0,Comédia,0,3.7
Bean,GBR,1997,89,4,0,Comédia,0,3.2
Perfect Blue,JPN,1997,82,4.5,0,Thriller,1,4.4
Titanic,USA,1997,194,3.5,0,Drama,0,3.8
Cure,JPN,1997,111,5,0,Thriller,0,4.3
Pocahontas II: Journey to a New World,USA,1998,72,2.5,0,Romance,1,2
The Truman Show,USA,1998,103,4,0,Comédia,0,4.2
Mulan,USA,1998,88,5,0,Aventura,1,4.1
Vida de Inseto,USA,1998,95,3.5,0,Comédia,1,3.5
Central do Brasil,BRA,1998,113,4.5,0,Drama,0,4.3
The Matrix,USA,1999,136,5,0,Sci-fi,0,4.2
The Phantom Menace,USA,1999,136,4,0,Sci-fi,0,2.9
Inherit the Wind,USA,1999,113,3,0,Drama,0,3.4
Clube da Luta,USA,1999,139,5,0,Drama,0,4.3
But I’m a Cheerleader,USA,1999,85,4.5,0,Romance,0,4
"Girl, Interrupted",USA,1999,127,4,0,Drama,0,3.9
Tarzan,USA,1999,88,NA,0,Aventura,1,3.7
Toy Story 2,USA,1999,92,4.5,0,Comédia,1,3.9
American Psycho,USA,2000,102,4,0,Crime,0,3.8
Náufrago,USA,2000,143,4,0,Drama,0,3.9
Memento,USA,2000,113,4,0,Mistério,0,4.2
The Emperor’s New Groove,USA,2000,78,4.5,0,Comédia,1,3.9
Shrek,USA,2001,90,5,0,Aventura,1,4.1
Legally Blonde,USA,2001,96,4,0,Romance,0,3.8
The Princess Diaries,USA,2001,115,4,0,Comédia,0,3.7
Barbie in the Nutcracker,USA,2001,77,4,0,Romance,1,3.4
"Monsters, Inc. ",USA,2001,92,4.5,0,Comédia,0,4.1
Donnie Darko,USA,2001,114,5,0,Mistério,0,4
Harry Potter and the Philosopher’s Stone,GBR,2001,152,3.5,0,Fantasia,0,3.8
O Corcunda de Notre Dame 2,USA,2002,68,NA,0,Comédia,1,2
Return to Never Land,USA,2002,72,NA,0,Fantasia,1,2.9
A Era do Gelo,USA,2002,81,4.5,0,Comédia,1,3.5
Attack of the Clones,USA,2002,142,4,0,Sci-fi,0,2.9
Scooby-Doo,USA,2002,87,5,0,Comédia,0,3.3
Lilo & Stitch,USA,2002,85,NA,0,Comédia,1,4
Men in Black II,USA,2002,88,NA,0,Sci-fi,0,3
Barbie as Rapunzel,USA,2002,84,3,0,Fantasia,1,3.5
Harry Potter and the Chamber of Secrets,GBR,2002,161,NA,0,Fantasia,0,3.6
Catch Me If You Can,USA,2002,141,5,0,Drama,0,4
Thirteen,USA,2003,100,3,0,Drama,0,3.5
Johnny English,GBR,2003,87,3.5,0,Aventura,0,3
The Matrix Reloaded,USA,2003,138,4,0,Thriller,0,3.4
Procurando Nemo,USA,2003,100,4,0,Aventura,1,4
"Legally Blonde 2: Red, White & Blonde",USA,2003,95,2.5,0,Romance,0,2.7
Sexta-Feira Muito Louca,USA,2003,97,4,0,Comédia,0,3.4
Barbie of Swan Lake,USA,2003,83,4,0,Fantasia,1,3.5
School of Rock,USA,2003,110,4.5,0,Comédia,0,3.8
The Matrix Revolutions,USA,2003,129,3,0,Thriller,0,3.1
Star Wars: Clone Wars,USA,2003,138,4.5,0,Guerra,1,4
Kill Bill: Vol. 1,USA,2003,111,5,0,Crime,0,4.2
Irmão Urso,USA,2003,85,3,0,Aventura,1,3.7
Monster,USA,2003,110,4,0,Drama,0,3.6
"Mickey, Donald, Goofy: The Three Musketeers",USA,2004,68,4,0,Aventura,1,3.3
Scooby-Doo 2: Monsters Unleashed,USA,2004,93,4,0,Comédia,0,3.2
Home on the Range,USA,2004,76,4,0,Comédia,1,2.7
Kill Bill: Vol. 2,USA,2004,136,5,0,Crime,0,4.1
Mean Girls,USA,2004,97,4,0,Comédia,0,3.8
Shrek 2,USA,2004,92,5,0,Aventura,1,4.1
Harry Potter and the Prisoner of Azkaban,GBR,2004,141,4,0,Fantasia,0,4.1
Garfield,USA,2004,80,3,0,Comédia,0,2.5
O Diário da Princesa 2,USA,2004,113,4,0,Romance,0,3.4
Hotel Rwanda,USA,2004,121,NA,0,História,0,3.8
Barbie: A Princesa e a Plebéia,CAN,2004,85,2.5,0,Fantasia,1,3.9
O Espanta Tubarões,USA,2004,90,2,0,Ação,1,2.9
Os Incríveis,USA,2004,115,4.5,0,Ação,1,4.1
Mulan II,USA,2004,79,NA,0,Ação,1,2.7
Bob Esponja - O Filme,USA,2004,87,5,0,Aventura,1,3.9
As Branquelas,USA,2004,109,5,0,Comédia,0,3.4
Constantine,USA,2005,121,4.5,0,Ação,0,3.4
Barbie: Fairytopia,CAN,2005,70,3,0,Fantasia,1,3.4
Revenge of the Sith,USA,2005,140,5,0,Sci-fi,0,3.9
Batman Begins,USA,2005,140,4.5,0,Ação,0,3.8
Madagascar,USA,2005,86,3.5,0,Aventura,1,3.5
Herbie Fully Loaded,USA,2005,100,NA,0,Aventura,0,2.5
Charlie and the Chocolate Factory,USA,2005,115,4,0,Fantasia,0,3.2
Barbie and the Magic of Pegasus,CAN,2005,85,3,0,Fantasia,1,3.6
O Galinho Chicken Little,USA,2005,81,3.5,0,Comédia,1,2.8
Harry Potter and the Goblet of Fire,GBR,2005,157,NA,0,Fantasia,0,3.8
As Crônicas de Nárnia,GBR,2005,143,3.5,0,Fantasia,0,3.5
Brokeback Mountain,USA,2005,134,5,0,Romance,0,4.1
A Noiva Cadáver,USA,2005,77,5,0,Fantasia,1,3.8
V de Vingança,GBR,2005,132,4.5,0,Thriller,0,3.9
Deu a Louca na Chapeuzinho,USA,2005,81,5,0,Comédia,1,3.3
Deu a Louca na Cinderela,USA,2006,87,4,0,Fantasia,1,2.4
High School Musical,USA,2006,98,3.5,0,Musical,0,3.2
Carros,USA,2006,117,4,0,Aventura,1,3.7
Garfield 2,USA,2006,82,3.5,0,Aventura,0,2.4
Barbie Fairytopia: Mermaidia,USA,2006,75,4,0,Aventura,1,3.6
Era do Gelo 2,USA,2006,91,2,0,Aventura,1,3.1
The Barbie Diaries,CAN,2006,70,3.5,0,Fantasia,1,3.1
The Da Vinci Code,USA,2006,149,4,0,Mistério,0,3.1
Casa Monstro,USA,2006,91,5,0,Fantasia,1,3.4
The Devil Wears Prada,USA,2006,109,4,0,Drama,0,3.8
Click,USA,2006,107,3,0,Comédia,0,2.9
Little Man,USA,2006,98,1,0,Comédia,0,2.1
Barbie in the 12 Dancing Princesses,CAN,2006,82,3,0,Fantasia,1,3.9
Por Água Abaixo,GBR,2006,84,4,0,Comédia,1,3.2
Os Sem Floresta,USA,2006,83,4,0,Comédia,1,3.2
Happy Feet,AUS,2006,108,NA,0,Comédia,1,3
A Menina e o Porquinho,USA,2006,97,2,0,Fantasia,0,2.8
Irmão Urso 2,USA,2006,73,2.5,0,Aventura,1,2.8
Uma Noite no Museu,USA,2006,108,3.5,0,Fantasia,0,3.3
Norbit,USA,2007,102,NA,0,Comédia,0,2.1
Freedom Writers,USA,2007,123,2.5,0,Drama,0,3.6
Barbie Fairytopia: Magic of the Rainbow,USA,2007,75,3,0,Fantasia,1,3.3
Mr. Bean’s Holiday,GBR,2007,90,4,0,Comédia,0,3.2
Shrek the Third,USA,2007,93,3.5,0,Fantasia,1,2.8
Ratatouille,USA,2007,111,4.5,0,Comédia,1,4.2
Harry Potter and the Order of the Phoenix,GBR,2007,138,NA,0,Fantasia,0,3.7
Hairspray,USA,2007,117,5,0,Comédia,0,3.5
The Simpsons Movie,USA,2007,87,4,0,Comédia,1,3.5
High School Musical 2,USA,2007,108,4,0,Musical,0,3.2
Halloween,USA,2007,110,3.5,0,Terror,0,2.7
Barbie as the Island Princess,USA,2007,85,2.5,0,Fantasia,1,3.5
Bee Movie,USA,2007,91,1,0,Comédia,1,2.9
Encantada,USA,2007,107,4,0,Fantasia,0,3.5
Alvin e os Esquilos,USA,2007,92,2.5,0,Comédia,0,2.6
The Mist,USA,2007,126,4,0,Thriller,0,3.4
O Fado do Dente,USA,2007,101,3.5,0,Comédia,0,2.0
Barbie Mariposa,USA,2008,75,4,0,Fantasia,1,3.4
Homem de Ferro,USA,2008,126,4,0,Ação,0,3.7
Kung Fu Panda,USA,2008,90,3,0,Ação,1,3.9
WALL·E,USA,2008,98,4.5,0,Sci-fi,1,4.2
O Cavaleiro das Trevas,USA,2008,152,5,0,Sci-fi,0,4.5
Star Wars: The Clone Wars,USA,2008,98,3,0,Sci-fi,1,2.8
Barbie and the Diamond Castle,CAN,2008,78,4,0,Fantasia,0,3.8
Tinker Bell,USA,2008,78,3.5,0,Fantasia,1,3.3
Beverly Hills Chihuahua,USA,2008,91,NA,0,Comédia,0,2.4
High School Musical 3: Senior Year,USA,2008,111,4,0,Musical,0,3.1
Madagascar: Escape 2 Africa,USA,2008,89,3,0,Aventura,1,3.1
Barbie in ‘A Christmas Carol’,CAN,2008,76,4,0,Fantasia,1,3.4
iCarly: iGo to Japan,USA,2008,99,5,0,Comédia,0,3.1
Bolt,USA,2008,98,2.5,0,Aventura,1,3.1
Twilight,USA,2008,122,2,0,Romance,0,2.9
Bedtime Stories,USA,2008,99,NA,0,Fantasia,0,2.8
Slumdog Millionaire,GBR,2008,120,4.5,0,Drama,0,3.9
Die Welle,GER,2008,107,4,0,Thriller,0,3.6
Deu a Louca na Branca de Neve,USA,2009,75,4.5,0,Fantasia,1,2.2
Coraline,USA,2009,100,5,0,Terror,1,4.2
Halloween II,USA,2009,105,2,0,Terror,0,2.3
Barbie Presents: Thumbelina,CAN,2009,75,2.5,0,Fantasia,1,2.9
Monsters vs Aliens,USA,2009,94,2,0,Sci-fi,1,2.8
Hannah Montana: The Movie,USA,2009,102,2.5,0,Musical,0,3.3
Angels & Demons,USA,2009,138,NA,0,Mistério,0,3.1
Up,USA,2009,96,4,0,Aventura,1,4.1
Bastardos Inglórios,USA,2009,153,5,0,Drama,0,4.3
Uma Noite no Museu 2,USA,2009,105,NA,0,Aventura,0,2.9
Era do Gelo 3,USA,2009,94,3,0,Aventura,1,3.1
Harry Potter and the Half-Blood Prince,GBR,2009,153,NA,0,Fantasia,0,3.7
Tinker Bell and the Lost Treasure,USA,2009,81,3,0,Fantasia,1,3.1
Jennifer’s Body,USA,2009,102,3.5,0,Terror,0,3.4
Scooby-Doo! The Mystery Begins,USA,2009,82,2.5,0,Mistério,0,2.2
Barbie and the Three Musketeers,CAN,2009,81,4,0,Fantasia,1,3.7
Orphan,CAN,2009,122,3,0,Terror,0,3.3
Tá Chovendo Hamburguer,USA,2009,90,3,0,Comédia,1,3.4
Os Fantasmas de Scrooge,USA,2009,94,5,0,Terror,1,3.1
A Princesa e o Sapo,USA,2009,98,4.5,0,Fantasia,1,3.9
Avatar,USA,2009,162,NA,0,Fantasia,0,3.6
Alvin e os Esquilos 2,USA,2009,88,2,0,Fantasia,0,2.3
The Ghost Writer,GBR,2010,128,2.5,0,Thriller,0,3.6
Barbie in A Mermaid Tale,USA,2010,75,5,0,Fantasia,1,3.7
Percy Jackson e o Ladrão de Raios,USA,2010,118,3,0,Aventura,0,2.6
Toy Story 3,USA,2010,103,4,0,Comédia,1,4
Alice in Wonderland,USA,2010,108,3.5,0,Fantasia,0,3.1
Como Treinar Seu Dragão,USA,2010,98,4.5,0,Fantasia,1,4
Diário de Um Banana,USA,2010,92,3.5,0,Comédia,0,3.2
Homem de Ferro 2,USA,2010,124,2,0,Ação,0,2.9
Shrek Para Sempre: O Capítulo Final,USA,2010,93,2,0,Fantasia,1,2.9
Meu Malvado Favorito,USA,2010,95,4,0,Comédia,1,3.6
Gente Grande,USA,2010,102,1.5,0,Comédia,0,3.1
16 Wishes,USA,2010,90,2.5,0,Fantasia,0,2.7
Inception,GBR,2010,148,3,0,Ação,0,4.2
Tinker Bell e o Resgate da Fada,USA,2010,76,3,0,Fantasia,1,3.2
Black Swan,USA,2010,109,5,0,Thriller,0,4.2
Barbie: A Fashion Fairytale,USA,2010,79,5,0,Fantasia,1,3.7
Megamente,USA,2010,96,4,0,Ação,1,3.7
Harry Potter and the Deathly Hallows: Part 1,GBR,2010,146,NA,0,Fantasia,0,3.7
Enrolados,USA,2010,100,5,0,Fantasia,1,4
TRON: Legacy,USA,2010,125,NA,0,Ação,0,3.2
As Viagens de Gulliver,USA,2010,85,3,0,Aventura,0,2.1
Bir Zamanlar Anadolu'da,TUR,2011,163,2.5,0,Drama,0,4.1
Drive,USA,2011,100,3.5,0,Thriller,0,3.9
Beverly Hills Chihuahua 2,USA,2011,84,2,0,Comédia,0,2.3
Barbie: A Fairy Secret,USA,2011,72,4,0,Fantasia,1,3.6
Best Player,USA,2011,89,NA,0,Comédia,0,2.4
Diário de um Banana 2: Rodrick é o Cara,USA,2011,99,5,0,Comédia,0,3.6
Rio,USA,2011,96,4,0,Aventura,1,3.3
Sharpay’s Fabulous Adventure,CAN,2011,90,NA,0,Musical,0,2.6
Kung Fu Panda 2,USA,2011,91,NA,0,Comédia,1,3.7
Mr. Popper’s Penguins,USA,2011,94,3,0,Comédia,0,2.6
Harry Potter and the Deathly Hallows: Part 2,GBR,2011,130,NA,0,Fantasia,0,4
Phineas e Ferb: O Filme: Através da 2ª Dimensão,USA,2011,78,4,0,Aventura,1,3.6
Historias Cruzadas,USA,2011,146,4.5,0,Drama,0,3.9
Barbie: Princess Charm School,CAN,2011,79,4,0,Fantasia,1,3.9
Johnny English Reborn,GBR,2011,101,4,0,Comédia,0,2.9
Puss in Boots,USA,2011,90,3.5,0,Fantasia,1,3.1
Johnny Bravo Goes to Bollywood,IND,2011,72,NA,0,Comédia,1,3.2
The Cabin in the Woods,USA,2011,95,3,0,Terror,0,3.4
Alvin e os Esquilos 3,USA,2011,87,1,0,Fantasia,0,2.3
The Smurfs,USA,2011,103,3,0,Aventura,1,2.3
Carros 2,USA,2011,106,3,0,Comédia,1,2.8
Rise of the Guardians,USA,2012,97,2,0,Fantasia,1,3.5
Radio Rebel,USA,2012,90,3,0,Comédia,0,2.2
Barbie in A Mermaid Tale 2,CAN,2012,74,3,0,Fantasia,1,3.3
Os Vingadores,USA,2012,143,2.5,0,Ação,0,3.7
Men in Black 3,USA,2012,106,3.5,0,Ação,0,3.1
Madagascar 3,USA,2012,93,3,0,Aventura,1,3
Valente,USA,2012,93,5,0,Fantasia,1,3.4
Era do Gelo 4,USA,2012,88,3,0,Aventura,1,2.7
V/H/S,USA,2012,116,2,0,Terror,0,2.8
Frankenweenie,USA,2012,87,3,0,Comédia,1,3.4
ParaNorman,USA,2012,90,3.5,0,Comédia,1,3.6
The Dark Knight Rises,USA,2012,165,2.5,0,Thriller,0,3.8
Diário de um Banana 3: Dias de Cão,USA,2012,94,3.5,0,Comédia,0,3.1
Tinker Bell: O Segredo das Fadas,USA,2012,75,4,0,Fantasia,1,3.5
Hotel Transylvania,USA,2012,91,2.5,0,Comédia,1,3.3
Barbie: The Princess & The Popstar,USA,2012,86,4,0,Fantasia,1,3.3
Life of Pi,IND,2012,127,3,0,Drama,0,3.7
Até que a Sorte nos Separe,BRA,2012,104,3,0,Comédia,0,2.9
Wreck-It Ralph,USA,2012,101,4,0,Aventura,1,3.6
A Origem dos Guardiões,USA,2012,97,2,0,Fantasia,1,3.5
Django Unchained,USA,2012,165,5,0,Western,0,4.3
Barbie in the Pink Shoes,CAN,2013,75,2.5,0,Fantasia,1,3.2
52 Tuesdays,AUS,2013,114,3,0,Drama,0,3.2
The Croods,USA,2013,96,3,0,Aventura,1,3.1
Homem de Ferro 3,USA,2013,130,1,0,Ação,0,3
The Great Gatsby,USA,2013,143,4,0,Romance,0,3.4
The Purge,USA,2013,86,3.5,0,Thriller,0,2.7
Monsters University,USA,2013,104,4,0,Comédia,1,3.4
Meu Malvado Favorito 2,USA,2013,98,4,0,Comédia,1,3.2
Minha Mãe é uma Peça,BRA,2013,85,4.5,0,Comédia,0,3.7
Gente Grande 2,USA,2013,101,1.5,0,Comédia,0,2.6
Percy Jackson: Sea of Monsters,USA,2013,106,1.5,0,Fantasia,0,2.1
Teen Beach Movie,USA,2013,95,3.5,0,Musical,0,3.3
Aviões,USA,2013,91,1,0,Aventura,1,2.1
Prisoners,USA,2013,153,4.5,0,Thriller,0,4.3
Monster High: 13 Wishes,USA,2013,73,5,0,Fantasia,1,3.8
Frozen,USA,2013,102,4,0,Fantasia,1,3.4
Até que a Sorte nos Separe 2,BRA,2013,102,2,0,Comédia,0,2.7
The Smurfs 2,USA,2013,105,1.5,0,Comédia,1,2.0
Whiplash,USA,2014,107,5,0,Drama,0,4.4
The Babadook,AUS,2014,94,3.5,0,Terror,0,3.4
The Lego Movie,USA,2014,100,5,0,Aventura,1,3.8
The Grand Budapest Hotel,USA,2014,100,5,0,Drama,0,4.2
Tinker Bell and the Pirate Fairy,USA,2014,78,3.5,0,Fantasia,1,3.3
Barbie: The Pearl Princess,CAN,2014,73,2,0,Fantasia,1,3.1
Divergent,USA,2014,139,2.5,0,Ação,0,2.9
Rio 2,USA,2014,101,3,0,Aventura,1,2.7
Como Treinar Seu Dragão 2,USA,2014,102,4,0,Comédia,1,3.8
Maleficent,USA,2014,97,3.5,0,Fantasia,0,3.2
Lucy,FRA,2014,89,1,0,Ação,0,2.8
O Jogo da Imitação,USA,2014,113,5,0,Drama,0,3.8
John Wick,USA,2014,101,5,0,Ação,0,3.8
Gone Girl,USA,2014,149,4.5,0,Drama,0,4.1
Interstellar,GBR,2014,169,5,0,Sci-fi,0,4.4
Festa no Céu,USA,2014,95,5,0,Comédia,1,3.6
Uma Noite no Museu 3,GBR,2014,98,2.5,0,Comédia,0,2.8
A Teoria de Tudo,GBR,2014,123,3.5,0,Romance,0,3.6
Hotel Transylvania 2,USA,2015,89,2.5,0,Comédia,1,2.9
Cinderella,GBR,2015,105,4,0,Romance,0,3.2
Insurgent,CAN,2015,119,1,0,Ação,0,2.4
Descendants,USA,2015,112,3,0,Fantasia,0,3
Os Vingadores: A Era de Ultron,USA,2015,141,0.5,0,Ação,0,3.1
Divertida Mente,USA,2015,95,5,0,Drama,1,3.8
Minions,USA,2015,91,3.5,0,Comédia,1,2.8
Deathgasm,NZL,2015,86,5,0,Comédia,0,3.2
Que Horas Ela Volta?,BRA,2015,112,5,0,Drama,0,4.1
Star Wars: The Force Awakens,USA,2015,136,3,0,Sci-fi,0,3.3
Suffragette,GBR,2015,106,NA,0,História,0,3.3
Kung Fu Panda 3,USA,2016,95,NA,0,Aventura,1,3.3
Os Dez Mandamentos: O Filme,BRA,2016,120,0.5,0,Drama,0,2.5
Zootopia,USA,2016,109,4,0,Comédia,1,3.7
Alice Through the Looking Glass,GBR,2016,113,2,0,Fantasia,0,2.7
Procurando Dory,USA,2016,97,3.5,0,Aventura,1,3.3
The Secret Life of Pets,USA,2016,86,2,0,Aventura,1,2.8
Sadako vs. Kayako,JPN,2016,98,3,0,Terror,0,2.6
The 5th Wave,USA,2016,112,1,0,Ação,0,2.2
Era do Gelo 5,USA,2016,95,1,0,Comédia,1,2.2
Meine Brüder und Schwestern im Norden,PRK,2016,109,5,0,Documentário,0,3.9
Moonlight,USA,2016,111,4.5,0,Drama,0,4.2
Denial,GBR,2016,109,3,0,História,0,3.4
Inferno,USA,2016,121,4,0,Mistério,0,2.6
Moana,USA,2016,107,4,0,Aventura,1,3.7
Fantastic Beasts and Where to Find Them,GBR,2016,132,2,0,Aventura,0,3.1
Rogue One: A Star Wars Story,USA,2016,133,4.5,0,Sci-fi,0,3.7
Minha Mãe é uma Peça 2: O Filme,BRA,2016,96,NA,0,Comédia,0,3.5
The Beast,ZAF,2016,18,5,1,Drama,0,3.6
Get Out,USA,2017,104,5,0,Terror,0,4.2
The Lego Batman Movie,AUS,2017,104,4,0,Comédia,1,3.8
Beauty and the Beast,USA,2017,129,3.5,0,Romance,0,3.1
Genderbende,NLD,2017,55,4,0,Documentário,0,NA
The Death of Stalin,GBR,2017,107,2,0,História,0,3.8
Star Wars: The Last Jedi,USA,2017,152,3,0,Sci-fi,0,3
John Wick: Chapter 2,USA,2017,122,5,0,Ação,0,3.7
Meu Malvado Favorito 3,USA,2017,90,1.5,0,Ação,1,2.6
Wiñaypacha,PER,2017,90,5,0,Drama,0,4.0
Hereditary,USA,2018,128,4.5,0,Terror,0,4
Je ne suis pas un homme facile,FRA,2018,98,1,0,Comédia,0,3.1
Familia sumergida,ARG,2018,91,2.5,0,Drama,0,3.3
Solo: A Star Wars Story,USA,2018,135,2,0,Sci-fi,0,2.9
Os Incríveis 2,USA,2018,118,4,0,Ação,1,3.4
Skyscraper,CAN,2018,102,3,0,Ação,0,2.3
Suspiria,USA,2018,102,4,0,Mistério,0,3.7
Johnny English Strikes Again,GBR,2018,88,3,0,Comédia,0,2.8
Ralph Breaks the Internet,GBR,2018,112,3.5,0,Comédia,1,2.9
Fantastic Beasts: The Crimes of Grindelwald,GBR,2018,134,1.5,0,Fantasia,0,2.6
Spider-Man: Into the Spider-Verse,USA,2018,117,5,0,Aventura,1,4.4
Como Treinar o Seu Dragão 3,USA,2018,104,4,0,Aventura,1,3.7
The Nun,USA,2018,96,2.5,0,Terror,0,2.2
Judith Hotel,FRA,2018,16,4.5,1,Fantasia,0,3.6
Fyre,USA,2019,98,3.5,0,Documentário,0,3.3
Steven Universe: The Movie,USA,2019,82,4,0,Fantasia,1,3.7
Joker,USA,2019,122,4,0,Crime,0,3.8
O Poço,ESP,2019,95,3,0,Thriller,0,3.3
Sound of Metal,USA,2019,120,4,0,Drama,0,4.2
El Camino: A Breaking Bad Movie,USA,2019,123,4.5,0,Drama,0,3.6
Frozen II,USA,2019,103,3,0,Aventura,1,3.1
The Lighthouse,USA,2019,109,5,0,Thriller,0,4
Jumanji: Welcome to the Jungle,USA,2017,119,2.5,0,Aventura,0,3.1
Little Women,USA,2019,135,5,0,História,0,4.2
Parasite,KOR,2019,133,4.5,0,Thriller,0,4.6
John Wick: Chapter 3 – Parabellum,USA,2019,131,5,0,Ação,0,3.7
Star Wars: The Rise of Skywalker,USA,2019,142,0.5,0,Ação,0,2.3
Democracia em Vertigem,BRA,2019,121,3.5,0,Documentário,0,3.7
"Extremely Wicked, Shockingly Evil and Vile",USA,2019,111,2,0,Crime,0,3.1
Vaga Carne,BRA,2019,46,3.5,1,Fantasia,0,3.8
Enola Holmes,USA,2020,123,3.5,0,Mistério,0,3.1
Heaven Reaches Down to Earth,ZAF,2020,10,4,1,Drama,0,3.4
Soul,USA,2020,101,3,0,Comédia,1,3.9
"Good Thanks, You?",GBR,2020,13,3.5,1,Drama,0,3.5
Cruella,USA,2021,134,4,0,Comédia,0,3.5
Bo Burnham: Inside,USA,2021,87,5,0,Comédia,0,4.2
Luca,USA,2021,95,4.5,0,Aventura,1,3.7
Black Widow,USA,2021,134,2.5,0,Ação,0,2.9
Judas and the Black Messiah,USA,2021,126,5,0,História,0,4
"Woodstock 99: Peace, Love, and Rage",USA,2021,110,4.5,0,Documentário,0,3.4
Encanto,USA,2021,102,4,0,Comédia,1,3.5
The Matrix Resurrections,USA,2021,147,1,0,Ação,0,2.7
Le censeur des rêves,FRA,2021,18,4,1,Terror,0,3.7
The Fish with One Sleeve,JPN,2021,34,4.5,1,Drama,0,3.5
The Batman,USA,2022,177,5,0,Crime,0,4
Metal Lords,USA,2022,97,3,0,Comédia,0,2.7
Skinamarink,CAN,2022,100,2.5,0,Terror,0,2.9
The Woman King,CAN,2022,135,4,0,História,0,3.7
Enola Holmes 2,USA,2022,131,4,0,Mistério,0,3.3
Avatar: The Way of Water,USA,2022,192,4,0,Aventura,0,3.6
Puss in Boots: The Last Wish,USA,2022,103,4,0,Aventura,1,4.1
Grand Paris,FRA,2022,72,3,0,Comédia,0,3.3
Vanskabte land,ISL,2022,143,4.5,0,Drama,0,3.8
John Wick: Chapter 4,USA,2023,170,5,0,Ação,0,3.9
Dungeons & Dragons: Honor Among Thieves,CAN,2023,134,4,0,Fantasia,0,3.5
Spider-Man: Across the Spider-Verse,USA,2023,140,4,0,Aventura,1,4.4
Nimona,GBR,2023,99,5,0,Fantasia,1,3.9
Barbie,USA,2023,114,3,0,Comédia,0,3.8
Oppenheimer,USA,2023,181,2.5,0,História,0,4.2
"Red, White & Royal Blue",USA,2023,121,4,0,Romance,0,3.2
Saltburn,GBR,2023,131,3.5,0,Drama,0,3.4
La sociedad de la nieve,URY,2023,144,4.5,0,Drama,0,4.1
The Zone of Interest,POL,2023,105,1.5,0,Drama,0,3.9
Balladen,SWE,2023,14,3.5,1,Comédia,0,NA
Krížom krážom,CSK,2023,8,4.5,1,Fantasia,1,NA
Twice Colonized,CAN,2023,92,3,0,Documentário,0,3.4
The Super Mario Bros. Movie,USA,2023,93,3,0,Comédia,1,3.3
المفتاح,PSE,2023,18,4.5,1,Drama,0,NA
I Saw The TV Glow,USA,2024,100,4,0,Drama,0,3.5
Divertida Mente 2,USA,2024,97,4,0,Comédia,0,3.7
Abigail,USA,2024,109,3,0,Terror,0,3.1
The Substance,GBR,2024,141,4.5,0,Terror,0,3.9
The Wild Robot,USA,2024,102,3.5,0,Sci-fi,1,4.3
Le Cas d’Hervé c’qui ?,BEL,2024,6,2.5,1,Fantasia,1,NA
Longlegs,USA,2024,101,2,0,Terror,0,3.4
Ainda Estou Aqui,BRA,2024,137,4,0,Drama,0,4.3